Workbook
Name a: #REF!
Name Choose_Package: #REF!
Name data: #REF!
Name FiscalYear: #REF!
Name lista: #REF!
Name LMSchecklist: #REF!
Name no: #REF!
Name noyes: #REF!
Name Package: #REF!
Name Priority: '[1]data List'!$D$2:$D$7
Name prioritylist: #REF!
Name prioritylist1: #REF!
Name Project_Start: 'Project Timeline'!$C$6
Name Project_Start: Timeline!#REF!
Name Project_Start: #REF!
Name Roles: #REF!
Name Scrolling_Increment: 'Project Timeline'!$C$7
Name Scrolling_Increment: Timeline!#REF!
Name Scrolling_Increment: #REF!
Name sections: '[2]Drop-down'!#REF!
Name sections: '[2]Drop-down'!#REF!
Name sections: '[2]Drop-down'!#REF!
Name STATUS: '[1]data List'!$C$2:$C$10
Name test: #REF!
Name Thresholds: Lists!$I$2:$J$5
Name Thresholds: [3]Lists!$I$2:$J$5
Name Title1: [4]!Incoming[[#Headers],[Date]]
Name Title2: #REF!
Name Today: TODAY()
Name Today: TODAY()
Name yesno: #REF!

Sheet Reversion History
A1: Revision History
A2: The Revision History table below provides a record of revisions made to this document. Updates are tracked by date the revisions were made, who made the change, a brief description of the changes made, and reason.
A3: Date | B3: Modifier | C3: Change Description/ Reason
A4: 45959 | B4: Services COE | C4: Creation and Launch
A5: 45687 | B5: Services COE | C5: Added Training

Sheet Lists
A1: Track | B1: Status | C1: Priority | D1: Color | E1: Type | H1: Threshold Matrix | L1: Status | M1: Meaning / When to Use
A2: LMS | B2: New | C2: Low | D2: Red | E2: Action | H2: Red | I2: Green | J2: 0.8 | L2: New | M2: Issue or request just logged; not yet reviewed or assigned.
A3: EPM | B3: In Progress | C3: Medium | D3: Yellow | E3: Question | H3: Yellow | I3: Red | J3: 0.5 | L3: In Review / Triage | M3: Under initial investigation to confirm scope, impact, or owner.
A4: SMP | B4: Closed | C4: High | D4: Green | E4: Issue | H4: Green | I4: Amber | J4: 0.7 | L4: In Progress | M4: Actively being worked on by support or technical team.
A5: COMP | B5: Future/On Hold | E5: Risk | H5: Not Started | I5: Green | J5: 1 | L5: Pending Vendor / External Team | M5: Waiting on third-party or vendor resolution (e.g., Cornerstone support, integration partner).
A6: Technical | L6: Pending Business Input | M6: Awaiting confirmation or additional info from business users.
A7: General | L7: Pending Validation / Testing | M7: Fix or configuration applied and awaiting UAT confirmation.
A8: Recruiting | L8: Resolved | M8: Issue fixed and verified internally, pending formal closure.
L9: Closed | M9: Fully validated and signed off by business; no further action needed.
L10: Deferred / Backlog | M10: Not a go-live blocker; to be handled after hypercare period.
L11: Cancelled / Duplicate | M11: Invalid or duplicate entry; no action required.
A12: =+#REF! -> #REF! | B12: =+C12/$C$15 -> #REF! | C12: =+#REF! -> #REF!
A13: =+#REF! -> #REF! | B13: =+C13/$C$15 -> #REF! | C13: =+#REF! -> #REF!
A14: =+#REF! -> #REF! | B14: =+C14/$C$15 -> #REF! | C14: =+#REF! -> #REF!
B15: =SUM(B12:B14) -> #REF! | C15: =SUM(C12:C14) -> #REF!
A17: Risk | B17: Not Started | C17: Low | D17: Yes
A18: Issue | B18: On Hold | C18: Med | D18: No
A19: Action | B19: Closed | C19: High
A20: Decision
A23: Priority | B23: Definition
A24: Low | B24: Task or issue has minimal impact on project objectives or deadlines. Can be scheduled after higher-priority items.
A25: Medium | B25: Task or issue is important and should be addressed soon, but a short delay won’t critically impact the project.
A26: High | B26: Task or issue is critical to the project’s success or timeline. Immediate attention is required.

Sheet Executive Summary
A1: Portfolio Manager | C1: Yudhistir Saxena (ysaxena@csod.com) | F1: RAID LOG | G1: High | H1: Medium | I1: Low | J1: Total | K1: % Of Total
A2: Project Manager | C2: Ankit Garg (ankitgarg@csod.com) | F2: Complete | G2: =COUNTIFS(Table1[Status],"Complete",Table1[Priority],"high") -> 0 | H2: =COUNTIFS(Table1[Status],"Complete",Table1[Priority],"medium") -> 0 | I2: =COUNTIFS(Table1[Status],"Complete",Table1[Priority],"low") -> 0 | J2: =SUM(G2:I2) -> 0 | K2: =J2/J7 -> #DIV/0!
A3: Strategic Integration Manager | F3: Closed-Pending Review | G3: =COUNTIFS(Table1[Status],"Closed-Pending Review",Table1[Priority],"High") -> 0 | H3: =COUNTIFS(Table1[Status],"Closed-pending Review",Table1[Priority],"medium") -> 0 | I3: =COUNTIFS(Table1[Status],"Closed-pending review",Table1[Priority],"low") -> 0 | J3: =SUM(G3:I3) -> 0 | K3: =J3/J7 -> #DIV/0!
A4: Business Consultant | F4: In Progress | G4: =COUNTIFS(Table1[Status],"In Progress",Table1[Priority],"high") -> 0 | H4: =COUNTIFS(Table1[Status],"In Progress",Table1[Priority],"medium") -> 0 | I4: =COUNTIFS(Table1[Status],"In Progress",Table1[Priority],"low") -> 0 | J4: =SUM(G4:I4) -> 0 | K4: =J4/J7 -> #DIV/0!
A5: Technical Consultant | C5: Jeeva R ( jeeva.r@vithiit.com) | F5: Behind | G5: =COUNTIFS(Table1[Status],"Behind",Table1[Priority],"high") -> 0 | H5: =COUNTIFS(Table1[Status],"Behind",Table1[Priority],"medium") -> 0 | I5: =COUNTIFS(Table1[Status],"behind",Table1[Priority],"low") -> 0 | J5: =SUM(G5:I5) -> 0 | K5: =J5/J7 -> #DIV/0!
A6: Technical Consultant | F6: Not Started | G6: =COUNTIFS(Table1[Status],"Not Started",Table1[Priority],"high") -> 0 | H6: =COUNTIFS(Table1[Status],"Not Started",Table1[Priority],"medium") -> 0 | I6: =COUNTIFS(Table1[Status],"not started",Table1[Priority],"low") -> 0 | J6: =SUM(G6:I6) -> 0 | K6: =J6/J7 -> #DIV/0!
A7: Overall Project Status | C7: Green | F7: Total | G7: =SUM(G2:G6) -> 0 | H7: =SUM(H2:H6) -> 0 | I7: =SUM(I2:I6) -> 0 | J7: =SUM(J2:J6) -> 0
A8: Current Date | C8: =TODAY() -> 46120 | F8: % Of Total | G8: =G7/J7 -> #DIV/0! | H8: =H7/J7 -> #DIV/0! | I8: =I7/J7 -> #DIV/0!
A10: Accomplishments This Period
A20: Goals / Actions Next Period
A29: Project Path | E29: Green | G29: Technical Projects | K29: Green
A30: Milestone Title | B30: Target Start | C30: Target End | D30: Completion | E30: Status | G30: Title | H30: Target Start | I30: Target End | J30: Completion | K30: Status
A31: Plan | B31: Feb 2nd Week | G31: Single Sign On (SSO) Pilot
A32: Advise | B32: Feb 3rd Week | G32: Master Data Load (MDLL) Pilot
A33: Design - Pilot / Sandbox | B33: March 1st Week | G33: Historical Data Load (HDLL) Pilot
A34: User Acceptance Testing (In Pilot/Sandbox) | B34: March 4th Week | G34: DKIM
A35: Launch - Production Build | Go Live Ready | B35: April 1st Week | G35: Single Sign On (SSO) Prod
A36: Hypercare | B36: April 3rd Week | G36: Master Data Load (MDLL) Prod
G37: Historical Data Load (HDLL) Prod

Sheet Performance Agenda
A2: Topic # | B2: Track | C2: Phase | D2: Session Date & Time | E2: High End Hours | F2: Low End Hours | G2: Average Hours | H2: Attendees | I2: Topics | J2: Agenda | K2: Training Titles | L2: Notes
A3: 1 | B3: Performance Implementation | C3: Plan | D3: 46105 | E3: 1 | F3: 1 | G3: =AVERAGE(Table46[[#This Row],[High End Hours]],Table46[[#This Row],[Low End Hours]]) -> 1 | H3: Cornerstone : PM, BC, TC, SC, PO Customer: Executive Sponsor (ES), Project Manager (PM), System Administrator (SA), Technical Lead (TL), Change Manager (CM), Business Process Owners (BPO) | I3: Kickoff & Team Introductions | J3: Implementation Kick-off Meeting to align stakeholders on project goals, scope, methodology, roles, timeline, and next steps, ensuring clarity and readiness for successful execution.
A4: 2 | B4: Technical / Integration Projects | C4: Plan | D4: [Insert Date] | E4: 1 | F4: 0.5 | G4: =AVERAGE(Table46[[#This Row],[High End Hours]],Table46[[#This Row],[Low End Hours]]) -> 0.75 | H4: Cornerstone : TC Customer: System Administrator (SA), Technical Lead (TL), Business Process Owners (BPO) | I4: Technical Kick Off | J4: Review technical projects in scope, confirm methodology, validate timelines, and align on goals to ensure clarity and consistency across all deliverables for Cornerstone and the Customer.
A5: 3 | B5: Performance Implementation | C5: Advise | D5: [Insert Date] | E5: 1 | F5: 1 | G5: =AVERAGE(Table46[[#This Row],[High End Hours]],Table46[[#This Row],[Low End Hours]]) -> 1 | H5: Cornerstone : BC Customer: System Administrator (SA), Business Process Owners (BPO) | I5: Discovery | J5: Review current and future state of processes
A6: 4 | B6: Performance Implementation | C6: Design | D6: [Insert Date] | E6: 1 | F6: 2 | G6: =AVERAGE(Table46[[#This Row],[High End Hours]],Table46[[#This Row],[Low End Hours]]) -> 1.5 | H6: Cornerstone: BC, SC Customer: System Administrator (SA), Business Process Owners (BPO) | I6: Baseline System Review | J6: BASELINE IN CUSTOMERS PILOT PORTAL Portal will reflect considerations and use cases learned during the discovery process.
A7: 5 | B7: Backend Configuration Review (Optional) | C7: Design | D7: [Insert Date] | E7: 1 | F7: 0.5 | G7: =AVERAGE(Table46[[#This Row],[High End Hours]],Table46[[#This Row],[Low End Hours]]) -> 0.75 | H7: Cornerstone: BC, SC Customer: System Administrator (SA), Business Process Owners (BPO) | I7: Backend Configuration Review | J7: Review backend system configurations that control how the module functions, this step is optional, default settings would get applied if preference is to skip
A8: 6 | B8: Admin Workshop 1 | C8: Design | D8: [Insert Date] | E8: 1 | F8: 0.5 | G8: =AVERAGE(Table46[[#This Row],[High End Hours]],Table46[[#This Row],[Low End Hours]]) -> 0.75 | H8: Cornerstone: BC, SC Customer: System Administrator (SA), Business Process Owners (BPO) | I8: Admin Workshop | J8: Supplementary Admin Workshops to the online module training, any usecases or queries can be discussed and clarified Focus will be on admin creation of the Performance Sections, Tasks, Task Management | K8: https://cornerstoneu.csod.com/ui/lms-learning-details/app/curriculum/049ff173-ef40-4311-a8de-b8df7d9bed9a
A9: 7 | B9: Admin Workshop 2 | C9: Design | D9: [Insert Date] | E9: 1 | F9: 0.5 | G9: =AVERAGE(Table46[[#This Row],[High End Hours]],Table46[[#This Row],[Low End Hours]]) -> 0.75 | H9: Cornerstone: BC, SC Customer: System Administrator (SA), Business Process Owners (BPO) | I9: Admin Workshop | J9: Supplementary Admin Workshops to the online module training, any usecases or queries can be discussed and clarified Focus will be on end user accessibility of Goals and Performance Tasks | K9: https://cornerstoneu.csod.com/ui/lms-learning-details/app/curriculum/049ff173-ef40-4311-a8de-b8df7d9bed9a
A10: 8 | B10: Reporting Workshop | C10: Design | D10: [Insert Date] | E10: 1 | F10: 0.5 | G10: =AVERAGE(Table46[[#This Row],[High End Hours]],Table46[[#This Row],[Low End Hours]]) -> 0.75 | H10: Cornerstone: BC, SC Customer: System Administrator (SA), Business Process Owners (BPO) | I10: Reporting Workshop | J10: Supplementary Reporting Workshops, any usecases or queries can be discussed and clarified Focus will be on standard reports and reporting 2.0 custom reports | K10: https://help.csod.com/help/csod_0/Content/User/Reporting_Overview.htm
A11: 9 | B11: UAT | C11: UAT | D11: [Insert Date] | E11: 0.5 | F11: 0.5 | G11: =AVERAGE(Table46[[#This Row],[High End Hours]],Table46[[#This Row],[Low End Hours]]) -> 0.5 | H11: Cornerstone: BC, SC Customer: System Administrator (SA), Business Process Owners (BPO) | I11: UAT Planning Workshop | J11: Define UAT, review testing types, outcomes and logistics, uat prep
A12: 10 | B12: UAT | C12: UAT | D12: [Insert Date] | E12: 0.5 | F12: 0.5 | G12: =AVERAGE(Table46[[#This Row],[High End Hours]],Table46[[#This Row],[Low End Hours]]) -> 0.5 | H12: Cornerstone: BC, SC Customer: System Administrator (SA), Business Process Owners (BPO) | I12: UAT Check In Sessions | J12: Weekly sessions until UAT is complete Begin UAT, Conduct Testing, Review Issues Log, Questions, etc.
A13: 11 | B13: Go-Live | C13: Deliver | D13: [Insert Date] | E13: 0.5 | F13: 0.5 | G13: =AVERAGE(Table46[[#This Row],[High End Hours]],Table46[[#This Row],[Low End Hours]]) -> 0.5 | H13: Cornerstone: BC, SC Customer: System Administrator (SA), Business Process Owners (BPO) | I13: Go-Live Preparations | J13: Weekly sessions until Go-Live is complete Final modifications, queries etc.
A14: 12 | B14: Post Go-Live | C14: Hypercare | D14: [Insert Date] | E14: 0.5 | F14: 0.5 | G14: =AVERAGE(Table46[[#This Row],[High End Hours]],Table46[[#This Row],[Low End Hours]]) -> 0.5 | H14: Cornerstone: BC, SC Customer: System Administrator (SA), Business Process Owners (BPO) | I14: Hypercare | Post Implementation Workshops | J14: Ongoing support provided for Post Go-Live issues for 2 weeks post Go-Live date

Sheet Performance Milestones
A1: Milestones
A2: Week | B2: Milestone/Task | C2: Session | D2: Agenda/Notes | E2: Notes
B3: Project Initiation
B4: ='Performance Planner'!$D$3 -> 0 | C4: Kickoff & Team Introductions | D4: Review Organization Units & User Concepts in Cornerstone
B5: ='Performance Planner'!$D$7 -> 0 | C5: Discovery | D5: Review current and future state of processes
B6: ='Performance Planner'!$D$7 -> 0 | C6: Schedule Recurring Workshops | D6: Schedule recurring weekly calls and other in scope workshops
B7: Core & Data Configurations
B8: ='Performance Planner'!$D$8 -> 0 | C8: OU/User Workshop | D8: ORGANIZATIONAL UNITS Review Organization Units & User Concepts in Cornerstone
B9: ='Performance Planner'!$D$14 -> 0 | C9: Welcome Page/Learner Home/Branding | D9: SYSTEM BRANDING Introduction to system brand features
B10: ='Performance Planner'!$D$14 -> 0 | C10: Navigation Tabs and Links | D10: CORE CONFIGURATION Navigate through system concepts and core preference settings
B11: ='Performance Planner'!$D$14 -> 0 | C11: Universal Profile | D11: UNIVERSAL PROFILE Navigate through universal profile preferences and configure decisions
B12: ='Performance Planner'!$D$14 -> 0 | C12: Mobile | D12: MOBILE Review Mobile Preferences and Configurations
B13: ='Performance Planner'!$D$14 -> 0 | C13: Skills and Capabilities | D13: Skills & Capabilities Review Capability Models, Custom Skills and People Matrix This topic cannot be covered unti there is valid OU and User Data Loaded to the portal.
B14: Consulting: Sprint 1
B15: ='Performance Planner'!$D$19 -> 0 | C15: Configure Goals | D15: GOALS Goal Prefernces, Goal Configuration, Goals Library and Goals Perspective/Categories
B16: ='Performance Planner'!$D$19 -> 0 | C16: Build Comptency Bank, Models and Assessments | D16: PERFORMANCE MANAGEMENT Comptency Assessmetn Bank, Competency Assessment Models, Competency Assessment Tasks
B17: ='Performance Planner'!$D$19 -> 0 | C17: Create Observation Checklists | D17: PERFORMANCE MANAGEMENT Create and manage performance observation checklists
B18: ='Performance Planner'!$D$20 -> 0 | C18: Configure Development Plans | D18: DEVELOPMENT PLANS Activity Types, Custom Fields, Development Plan Preferences, Objective Categories, Plan Categories, Plan Templates
B19: ='Performance Planner'!$D$20 -> 0 | C19: Update Performance Review Print View | D19: PERFORMANCE REVIEWS Set Printable View
B20: Consulting: Sprint 2
B21: ='Performance Planner'!$D$21 -> 0 | C21: Create Performance Review Sections and Define Rating Scale | D21: PERFORMANCE REVIEWS Form Sections, Comment Assistant
B22: ='Performance Planner'!$D$21 -> 0 | C22: Create Performance Review Tasks: Standard | D22: PERFORMANCE REVIEWS Task Categories and Standard Tasks
B23: ='Performance Planner'!$D$21 -> 0 | C23: Create Performance Review Tasks: Off Cycle | D23: PERFORMANCE REVIEWS Off Cycle Tasks
B24: ='Performance Planner'!$D$21 -> 0 | C24: Check-Ins | D24: CHECK-INS Check-Ins Template and Home Page Customization
B25: ='Performance Planner'!$D$21 -> 0 | C25: Feedback | D25: CONFIGURATION TOOLS > CORE FUNCTIONS > UNIVERSAL PROFILE > GENERAL PREFERENCES Define preferences for Feedback, by Division
B26: Consulting: Sprint 3
B27: ='Performance Planner'!$D$22 -> 0 | C27: Emails | D27: CORE FUNCTIONS EMAIL MANAGEMENT / EMAIL DIGEST MANAGMENT Create and manage email content and settings for activity-driven messages. Create and manage email digest content and settings for periodic messages
B28: ='Performance Planner'!$D$22 -> 0 | C28: Security Roles | D28: CORE FUNCTIONS / SECURITY ROLE ADMINISTRATION
B29: ='Performance Planner'!$D$22 -> 0 | C29: Reporting | D29: REPORTS / STANDARD / REPORTING 2.0 / DASHBOARDS
B30: Validation and Testing
B31: ='Performance Planner'!$D$24 -> 0 | C31: Kickoff & Process Review | D31: Kick Off UAT and review Scripts
B32: =TEXT('Performance Planner'!$D$25,"dd/mm/yyyy")&" - "&TEXT('Performance Planner'!$E$26,"dd/mm/yyyy") -> 00/01/1900 - 00/01/1900 | C32: Active Testing | D32: Begin UAT, Conduct Testing, Review Issues Log, Questions, etc.
B33: ='Performance Planner'!$D$27 -> 0 | C33: Testing Completion | D33: • Execute communication/marketing plan • Review Configuration Checklist / Open Items • Review System Readiness for Go-live (Production Configuration/Completeness)
B34: Project Wrap Up
B35: ='Performance Planner'!$D$33 -> 0 | C35: Go-Live Resource Review
B36: =WORKDAY(B35,5) -> 6 | C36: Implementation to Support Transition
B37: =WORKDAY(B36,5) -> 13 | C37: Project Complete

Sheet Performance Planner
A1: Task | B1: Description | C1: Duration | D1: Planned Start Date | E1: Planned End Date | F1: Actual Start Date | G1: Actual End Date | H1: Owner | I1: Status | J1: Yes Prep Comments
A2: Performance Implementation | H2: All
A3: Project Kick Off | B3: Officially start the project with all stakeholders; review scope, roles, and timelines. | C3: 0 | H3: Project Manager | I3: To be started
A4: Discovery - Questionnaire | B4: Gather initial inputs on current performance processes and expectations. | C4: 0 | H4: Project Manager | I4: To be started
A5: Success Centre Access and Trainings Review | B5: Ensure client has access to Cornerstone resources and training materials. | C5: 15 | H5: Customer | I5: To be started
A6: Share updated questionnaire | B6: Customer will complete quiestionnaire and provide any document to help understand current processes and needs | C6: 0 | H6: Customer | I6: To be started
A7: Discovery Workshop Session | B7: Discuss business needs and validate requirements for Performance setup. | C7: 0 | H7: Business Consultant | I7: To be started
A8: OU Work shop | B8: Organisation Unit Workshop | C8: 0 | H8: Business Consultant | I8: To be started
A9: Technical project Kick-off | B9: Align IT and integration teams on environment setup, SSO, and data migration. | C9: 0 | H9: Technical Consultant | I9: To be started
A10: Schedule Weekly cadence | B10: Set up recurring weekly project status meetings | C10: 0 | H10: Project Manager | I10: To be started
A11: Update and baseline Project Plan | B11: Finalize and baseline the project plan with updated dates and milestones. | C11: 5 | H11: Project Manager | I11: To be started
A12: Share updated Business usecases | B12: Share finalized business workflows and processes for confirmation. | C12: 2 | H12: Customer | I12: To be started
A13: Build Prototype on Pilot | B13: Configure initial setup in the Pilot environment based on agreed design. | C13: 2 | H13: Business Consultant | I13: To be started
A14: Demo on Pilot | B14: Demonstrate prototype to the client for feedback and approval. | C14: 0 | H14: Business Consultant | I14: To be started
A15: Technical Consulting Sessions | B15: Conduct sessions to resolve technical or complex configuration needs. | C15: =E15-D15 -> 0 | H15: Technical Consultant | I15: To be started
A16: Sample Data Migration Files | B16: Share sample data templates to test in data. | C16: 2 | H16: Technical Consultant | I16: To be started
A17: Review Sample Data Migration Files | B17: Validate sample data with customer for accuracy and completeness. | C17: 2 | H17: Customer | I17: To be started
A18: Upload Sample Historical data to the platform | B18: Load reviewed sample data into Pilot for testing. | C18: 2 | H18: Technical Consultant | I18: To be started
A19: Admin Training Session 1 | B19: Conduct training sessions for client admins covering setup, workflows, performance cycles, reports, and troubleshooting. | C19: 3 | H19: Customer/Business Consultant | I19: To be started
A20: Admin Training Session 2 | B20: Conduct training sessions for client admins covering setup, workflows, performance cycles, reports, and troubleshooting. | C20: 0 | H20: Customer/Business Consultant | I20: To be started
A21: Admin Training Session 3 | B21: Conduct training sessions for client admins covering setup, workflows, performance cycles, reports, and troubleshooting. | C21: 0 | H21: Customer/Business Consultant | I21: To be started
A22: Admin Training Session 4 | B22: Conduct training sessions for client admins covering setup, workflows, performance cycles, reports, and troubleshooting. | C22: 0 | H22: Customer/Business Consultant | I22: To be started
A23: Share sample test scripts | B23: Share draft UAT scripts covering key test scenarios. | C23: 0 | H23: Business Consultant | I23: To be started
A24: UAT Kick-off | B24: Start UAT phase; align on scope, roles, and timelines. | C24: 0 | H24: Customer/Business Consultant | I24: To be started
A25: UAT- Round 1 | B25: First round of user acceptance testing; record and fix issues. | C25: 0 | H25: Customer | I25: To be started
A26: UAT- Round 2 | B26: Retest fixed issues and validate final scenarios. | C26: 0 | H26: Customer | I26: To be started
A27: UAT Sign-off | B27: Obtain client approval that testing is complete and successful. | C27: 0 | H27: Customer | I27: To be started
... A33: Go-Live | B33: Launch the system for all users and transition to post-go-live support. | C33: 2 | H33: Customer | I33: To be started

Sheet RAID Log
A1: [Customer] Action Items Log | D1: Last Updated: | E1: =TODAY() -> 46120
A2: ID | B2: Date Logged | C2: Specific Description | D2: Risk | Issue | Action | Decision | E2: Status | F2: Priority | G2: Go Live Blocker | H2: Due Date | I2: Closed Date | J2: Owner | K2: Notes

Sheet Timeline
B2: [Customer Name]
G5: September | AC5: October | BH5: November | CL5: December
G6: Week 1 | L6: Week 2 | Q6: Week 3 | V6: Week 4 | AA6: Week 5
B7: Milestone description | C7: Progress | D7: Start | E7: Days | G7: 1 | H7: 2 | I7: 3 | J7: 4 | K7: 5 | L7: 8 | M7: 9 | N7: 10 | O7: 11 | P7: 12 | Q7: 15 | R7: 16 | S7: 17 | T7: 18 | U7: 19 | V7: 22 | W7: 23 | X7: 24 | Y7: 25 | Z7: 26 | AA7: 29 | AB7: 30 | AC7: 1 | AD7: 2 | AE7: 3 | AF7: 4 | AG7: 5 | AH7: 6 | AI7: 7 | AJ7: 8 | AK7: 9 | AL7: 10 | AM7: 11 | AN7: 12 | AO7: 13 | AP7: 14 | AQ7: 15 | AR7: 16 | AS7: 17 | AT7: 18 | AU7: 19 | AV7: 20 | AW7: 21 | AX7: 22 | AY7: 23 | AZ7: 24 | BA7: 25 | BB7: 26 | BC7: 27 | BD7: 28 | BE7: 29 | BF7: 30 | BG7: 31 | BH7: 1 | BI7: 2 | BJ7: 3 | BK7: 4 | BL7: 5 | BM7: 6 | BN7: 7 | BO7: 8 | BP7: 9 | BQ7: 10 | BR7: 11 | BS7: 12 | BT7: 13 | BU7: 14 | BV7: 15 | BW7: 16 | BX7: 17 | BY7: 18 | BZ7: 19 | CA7: 20 | CB7: 21 | CC7: 22 | CD7: 23 | CE7: 24 | CF7: 25 | CG7: 26 | CH7: 27 | CI7: 28 | CJ7: 29 | CK7: 30 | CL7: 1 | CM7: 2 | CN7: 3 | CO7: 4 | CP7: 5 | CQ7: 6 | CR7: 7 | CS7: 8 | CT7: 9 | CU7: 10 | CV7: 11 | CW7: 12 | CX7: 13 | CY7: 14 | CZ7: 15 | DA7: 16 | DB7: 17 | DC7: 18 | DD7: 19 | DE7: 20 | DF7: 21 | DG7: 22 | DH7: 23 | DI7: 24 | DJ7: 25 | DK7: 26 | DL7: 27 | DM7: 28 | DN7: 29 | DO7: 30 | DP7: 31
B9: Business Proces Alignment | C9: 0.75 | D9: 45931 | E9: 3
B10: Learning Management | D10: =TODAY()+5 -> 46125 | E10: 1
B11: Learning Experience | C11: 0.5 | D11: =D9-3 -> 45928 | E11: 10
B12: Extended Enterprise | D12: =D9+20 -> 45951 | E12: 1
B13: Guide | C13: 0.1 | D13: =D9+6 -> 45937 | E13: 6
B14: Certifications | C14: 0.6 | D14: =D9+6 -> 45937 | E14: 13
B15: Connect | C15: 0.5 | D15: =D14+2 -> 45939 | E15: 9
B16: Competencies | C16: 0.33 | D16: =D15+5 -> 45944 | E16: 11
B17: SSO | D17: =D16+2 -> 45946 | E17: 1
B18: Welcome Page Template | D18: =D17+1 -> 45947 | E18: 24
B19: HDLL | D19: =D9+15 -> 45946 | E19: 4
B20: MDLL | D20: =D19+3 -> 45949 | E20: 14
B21: DKIM | D21: =D20+15 -> 45964 | E21: 6
B22: ODF | D22: =D17+22 -> 45968 | E22: 3
B23: OSSO | D23: =D13 -> 45937 | E23: 19
B24: Web Services (APIs) | D24: =D22+3 -> 45971 | E24: 15
B25: Data Connector | D25: =D24+14 -> 45985 | E25: 5
D26: =D25+42 -> 46027 | E26: 1

Sheet Enterprise Timeline
B1: April | D1: May | H1: June | K1: July | Q1: Aug | U1: Sept | Z1: Oct
B2: 21-25 | C2: 28-2 | D2: 5-9 | E2: 12-16 | F2: 19-23 | G2: 26-30 | H2: 2-6 | I2: 9-13 | J2: 16-20 | K2: 23-27 | L2: 30-4 | M2: 7-11 | N2: 14-18 | O2: 21-25 | P2: 28-1 | Q2: 4-8 | R2: 11-15 | S2: 18-22 | T2: 25-29 | U2: 1-5 | V2: 8-12 | W2: 15-19 | X2: 22-26 | Y2: 29-3 | Z2: 6-10 | AA2: 13-17 | AB2: 20-24 | AC2: 27-31
A3: Business Process Alignment | B3: BPA Workshops | E3: Deliver BPA Report | F3: Mattress Firm to Review
A4: Inbound Data Feed - OU/Users (IDF) Connector | F4: Configure Pilot | Q4: Validate Pilot | S4: Configure Production | V4: Validate Production
A5: Master Data Load - Learning (MDLL) | H5: Configure Pilot | Q5: Validate Pilot | S5: Configure in Production | U5: Configure Production | AA5: Validate Production
A6: Consulting - Single Sign On - Standard (SSO) Connector | G6: Configure in Pilot | K6: Test in Pilot | U6: Configure in Production | W6: Test in Production | AA6: Open to Employees
A7: Learning Experience Data Connection – CSX | B7: Configure Connection | E7: Set Filters and Test
A8: Historical Data Load - Learning (HDLL) | R8: Files to Pilot and Validate | W8: Files to Prod | Y8: Validate
A9: Cornerstone Learning Experience Enterprise Implementation | C9: Build Prototype | H9: BPA>Imp Transition/ Deliver Prototype | I9: BC on PTO | J9: Design | V9: Proof of Concept Prep and Delivery | X9: UAT | AA9: System Go-live Ready | AB9: Go-Live
A10: Learning Implementation - Enterprise
A11: Competency Management Implementation - Enterprise
A12: Certification Management Implementation - Enterprise
A13: Learning Data Migration SABA | AB13: Pull Extract
A14: Governance Part B | X14: Governance Part B
A16: Optional:
A17: Custom Login Page (CLP) | D17: Configure in Pilot | G17: Validate in Pilot | J17: Configure in Production | M17: Validate in Production
A18: Analytics Plus
A19: Widget Extension
A20: Welcome Page Template Design Package | D20: Configure in Pilot | J20: Validate in Pilot | N20: Configure in Production | S20: Validate in Production
A26: Copy Down
A27: Training Update freeze in Saba EOW

Sheet Project Timeline
B2: [Customer Name]
F4: Legend: | H4: On track | M4: Low risk | R4: Med risk | W4: High risk | AB4: Unassigned
B6: Project start date: | C6: 45796 | H6: November | AL6: December | BQ6: January | CV6: February | DX6: March | FC6: April | GG6: May
H7: S | I7: S | J7: M | K7: T | L7: W | M7: TH | N7: F | O7: S | P7: S | Q7: M | R7: T | S7: W | T7: TH | U7: F | V7: S | W7: S | X7: M | Y7: T | Z7: W | AA7: TH | AB7: F | AC7: S | AD7: S | AE7: M | AF7: T | AG7: W | AH7: TH | AI7: F | AJ7: S | AK7: S | AL7: M | AM7: T | AN7: W | AO7: TH | AP7: F | AQ7: S | AR7: S | AS7: M | AT7: T | AU7: W | AV7: TH | AW7: F | AX7: S | AY7: S | AZ7: M | BA7: T | BB7: W | BC7: TH | BD7: F | BE7: S | BF7: S | BG7: M | BH7: T | BI7: W | BJ7: TH | BK7: F | BL7: S | BM7: S | BN7: M | BO7: T | BP7: W | BQ7: TH | BR7: F | BS7: S | BT7: S | BU7: M | BV7: T | BW7: W | BX7: TH | BY7: F | BZ7: S | CA7: S | CB7: M | CC7: T | CD7: W | CE7: TH | CF7: F | CG7: S | CH7: S | CI7: M | CJ7: T | CK7: W | CL7: TH | CM7: F | CN7: S | CO7: S | CP7: M | CQ7: T | CR7: W | CS7: TH | CT7: F | CU7: S | CV7: S | CW7: M | CX7: T | CY7: W | CZ7: TH | DA7: F | DB7: S | DC7: S | DD7: M | DE7: T | DF7: W | DG7: TH | DH7: F | DI7: S | DJ7: S | DK7: M | DL7: T | DM7: W | DN7: TH | DO7: F | DP7: S | DQ7: S | DR7: M | DS7: T | DT7: W | DU7: TH | DV7: F | DW7: S | DX7: S | DY7: M | DZ7: T | EA7: W | EB7: TH | EC7: F | ED7: S | EE7: S | EF7: M | EG7: T | EH7: W | EI7: TH | EJ7: F | EK7: S | EL7: S | EM7: M | EN7: T | EO7: W | EP7: TH | EQ7: F | ER7: S | ES7: S | ET7: M | EU7: T | EV7: W | EW7: TH | EX7: F | EY7: S | EZ7: S | FA7: M | FB7: T | FC7: W | FD7: TH | FE7: F | FF7: S | FG7: S | FH7: M | FI7: T | FJ7: W | FK7: TH | FL7: F | FM7: S | FN7: S | FO7: M | FP7: T | FQ7: W | FR7: TH | FS7: F | FT7: S | FU7: S | FV7: M | FW7: T | FX7: W | FY7: TH | FZ7: F | GA7: S | GB7: S | GC7: M | GD7: T | GE7: W | GF7: TH | GG7: F | GH7: S | GI7: S | GJ7: M | GK7: T | GL7: W | GM7: TH | GN7: F | GO7: S | GP7: S | GQ7: M | GR7: T | GS7: W | GT7: TH | GU7: F | GV7: S | GW7: S | GX7: M | GY7: T | GZ7: W | HA7: TH | HB7: F | HC7: S | HD7: S | HE7: M | HF7: T | HG7: W | HH7: TH | HI7: F | HJ7: S
H8: 1 | I8: 2 | J8: 3 | K8: 4 | L8: 5 | M8: 6 | N8: 7 | O8: 8 | P8: 9 | Q8: 10 | R8: 11 | S8: 12 | T8: 13 | U8: 14 | V8: 15 | W8: 16 | X8: 17 | Y8: 18 | Z8: 19 | AA8: 20 | AB8: 21 | AC8: 22 | AD8: 23 | AE8: 24 | AF8: 25 | AG8: 26 | AH8: 27 | AI8: 28 | AJ8: 29 | AK8: 30 | AL8: 1 | AM8: 2 | AN8: 3 | AO8: 4 | AP8: 5 | AQ8: 6 | AR8: 7 | AS8: 8 | AT8: 9 | AU8: 10 | AV8: 11 | AW8: 12 | AX8: 13 | AY8: 14 | AZ8: 15 | BA8: 16 | BB8: 17 | BC8: 18 | BD8: 19 | BE8: 20 | BF8: 21 | BG8: 22 | BH8: 23 | BI8: 24 | BJ8: 25 | BK8: 26 | BL8: 27 | BM8: 28 | BN8: 29 | BO8: 30 | BP8: 31 | BQ8: 1 | BR8: 2 | BS8: 3 | BT8: 4 | BU8: 5 | BV8: 6 | BW8: 7 | BX8: 8 | BY8: 9 | BZ8: 10 | CA8: 11 | CB8: 12 | CC8: 13 | CD8: 14 | CE8: 15 | CF8: 16 | CG8: 17 | CH8: 18 | CI8: 19 | CJ8: 20 | CK8: 21 | CL8: 22 | CM8: 23 | CN8: 24 | CO8: 25 | CP8: 26 | CQ8: 27 | CR8: 28 | CS8: 29 | CT8: 30 | CU8: 31 | CV8: 1 | CW8: 2 | CX8: 3 | CY8: 4 | CZ8: 5 | DA8: 6 | DB8: 7 | DC8: 8 | DD8: 9 | DE8: 10 | DF8: 11 | DG8: 12 | DH8: 13 | DI8: 14 | DJ8: 15 | DK8: 16 | DL8: 17 | DM8: 18 | DN8: 19 | DO8: 20 | DP8: 21 | DQ8: 22 | DR8: 23 | DS8: 24 | DT8: 25 | DU8: 26 | DV8: 27 | DW8: 28 | DX8: 1 | DY8: 2 | DZ8: 3 | EA8: 4 | EB8: 5 | EC8: 6 | ED8: 7 | EE8: 8 | EF8: 9 | EG8: 10 | EH8: 11 | EI8: 12 | EJ8: 13 | EK8: 14 | EL8: 15 | EM8: 16 | EN8: 17 | EO8: 18 | EP8: 19 | EQ8: 20 | ER8: 21 | ES8: 22 | ET8: 23 | EU8: 24 | EV8: 25 | EW8: 26 | EX8: 27 | EY8: 28 | EZ8: 29 | FA8: 30 | FB8: 31 | FC8: 1 | FD8: 2 | FE8: 3 | FF8: 4 | FG8: 5 | FH8: 6 | FI8: 7 | FJ8: 8 | FK8: 9 | FL8: 10 | FM8: 11 | FN8: 12 | FO8: 13 | FP8: 14 | FQ8: 15 | FR8: 16 | FS8: 17 | FT8: 18 | FU8: 19 | FV8: 20 | FW8: 21 | FX8: 22 | FY8: 23 | FZ8: 24 | GA8: 25 | GB8: 26 | GC8: 27 | GD8: 28 | GE8: 29 | GF8: 30 | GG8: 1 | GH8: 2 | GI8: 3 | GJ8: 4 | GK8: 5 | GL8: 6 | GM8: 7 | GN8: 8 | GO8: 9 | GP8: 10 | GQ8: 11 | GR8: 12 | GS8: 13 | GT8: 14 | GU8: 15 | GV8: 16 | GW8: 17 | GX8: 18 | GY8: 19 | GZ8: 20 | HA8: 21 | HB8: 22 | HC8: 23 | HD8: 24 | HE8: 25 | HF8: 26 | HG8: 27 | HH8: 28 | HI8: 29 | HJ8: 30
B9: Milestone description | C9: Category | D9: Progress | E9: Start | F9: Days
B11: Learn | C11: On Track | D11: 0.25 | E11: 45962 | F11: 250 | H11: =IF(AND($C11="Goal",H$8>=$E11,H$8<=$E11+$F11-1),2,IF(AND($C11="Milestone",H$8>=$E11,H$8<=$E11+$F11-1),1,"")) | I11: =IF(AND($C11="Goal",I$8>=$E11,I$8<=$E11+$F11-1),2,IF(AND($C11="Advisory",I$8>=$E11,I$8<=$E11+$F11-1),1,"")) | J11: =IF(AND($C11="Goal",J$8>=$E11,J$8<=$E11+$F11-1),2,IF(AND($C11="Milestone",J$8>=$E11,J$8<=$E11+$F11-1),1,"")) | K11: =IF(AND($C11="Goal",K$8>=$E11,K$8<=$E11+$F11-1),2,IF(AND($C11="Milestone",K$8>=$E11,K$8<=$E11+$F11-1),1,"")) | L11: =IF(AND($C11="Goal",L$8>=$E11,L$8<=$E11+$F11-1),2,IF(AND($C11="Milestone",L$8>=$E11,L$8<=$E11+$F11-1),1,"")) | M11: =IF(AND($C11="Goal",M$8>=$E11,M$8<=$E11+$F11-1),2,IF(AND($C11="Milestone",M$8>=$E11,M$8<=$E11+$F11-1),1,"")) | N11: =IF(AND($C11="Goal",N$8>=$E11,N$8<=$E11+$F11-1),2,IF(AND($C11="Milestone",N$8>=$E11,N$8<=$E11+$F11-1),1,"")) | O11: =IF(AND($C11="Goal",O$8>=$E11,O$8<=$E11+$F11-1),2,IF(AND($C11="Milestone",O$8>=$E11,O$8<=$E11+$F11-1),1,"")) | P11: =IF(AND($C11="Goal",P$8>=$E11,P$8<=$E11+$F11-1),2,IF(AND($C11="Milestone",P$8>=$E11,P$8<=$E11+$F11-1),1,"")) | Q11: =IF(AND($C11="Goal",Q$8>=$E11,Q$8<=$E11+$F11-1),2,IF(AND($C11="Milestone",Q$8>=$E11,Q$8<=$E11+$F11-1),1,"")) | ... Y11: =IF(AND($C11="Goal",Y$8>=$E11,Y$8<=$E11+$F11-1),2,IF(AND($C11="Milestone",Y$8>=$E11,Y$8<=$E11+$F11-1),1,"")) | AA11: =IF(AND($C11="Goal",AA$8>=$E11,AA$8<=$E11+$F11-1),2,IF(AND($C11="Milestone",AA$8>=$E11,AA$8<=$E11+$F11-1),1,"")) | AB11: =IF(AND($C11="Goal",AB$8>=$E11,AB$8<=$E11+$F11-1),2,IF(AND($C11="Milestone",AB$8>=$E11,AB$8<=$E11+$F11-1),1,"")) | AC11: =IF(AND($C11="Goal",AC$8>=$E11,AC$8<=$E11+$F11-1),2,IF(AND($C11="Milestone",AC$8>=$E11,AC$8<=$E11+$F11-1),1,"")) | AD11: =IF(AND($C11="Goal",AD$8>=$E11,AD$8<=$E11+$F11-1),2,IF(AND($C11="Milestone",AD$8>=$E11,AD$8<=$E11+$F11-1),1,"")) | AE11: =IF(AND($C11="Goal",AE$8>=$E11,AE$8<=$E11+$F11-1),2,IF(AND($C11="Milestone",AE$8>=$E11,AE$8<=$E11+$F11-1),1,"")) | AF11: =IF(AND($C11="Goal",AF$8>=$E11,AF$8<=$E11+$F11-1),2,IF(AND($C11="Milestone",AF$8>=$E11,AF$8<=$E11+$F11-1),1,"")) | AG11: =IF(AND($C11="Goal",AG$8>=$E11,AG$8<=$E11+$F11-1),2,IF(AND($C11="Milestone",AG$8>=$E11,AG$8<=$E11+$F11-1),1,"")) | AH11: =IF(AND($C11="Goal",AH$8>=$E11,AH$8<=$E11+$F11-1),2,IF(AND($C11="Milestone",AH$8>=$E11,AH$8<=$E11+$F11-1),1,"")) | ... HJ11: =IF(AND($C11="Goal",HJ$8>=$E11,HJ$8<=$E11+$F11-1),2,IF(AND($C11="Milestone",HJ$8>=$E11,HJ$8<=$E11+$F11-1),1,""))
B12: Plan | C12: On Track | D12: 0.5 | E12: 45962 | F12: 20 | H12: =IF(AND($C12="Goal",H$8>=$E12,H$8<=$E12+$F12-1),2,IF(AND($C12="Milestone",H$8>=$E12,H$8<=$E12+$F12-1),1,"")) | I12: =IF(AND($C12="Goal",I$8>=$E12,I$8<=$E12+$F12-1),2,IF(AND($C12="Milestone",I$8>=$E12,I$8<=$E12+$F12-1),1,"")) | J12: =IF(AND($C12="Goal",J$8>=$E12,J$8<=$E12+$F12-1),2,IF(AND($C12="Milestone",J$8>=$E12,J$8<=$E12+$F12-1),1,"")) | K12: =IF(AND($C12="Goal",K$8>=$E12,K$8<=$E12+$F12-1),2,IF(AND($C12="Milestone",K$8>=$E12,K$8<=$E12+$F12-1),1,"")) | L12: =IF(AND($C12="Goal",L$8>=$E12,L$8<=$E12+$F12-1),2,IF(AND($C12="Milestone",L$8>=$E12,L$8<=$E12+$F12-1),1,"")) | M12: =IF(AND($C12="Goal",M$8>=$E12,M$8<=$E12+$F12-1),2,IF(AND($C12="Milestone",M$8>=$E12,M$8<=$E12+$F12-1),1,"")) | N12: =IF(AND($C12="Goal",N$8>=$E12,N$8<=$E12+$F12-1),2,IF(AND($C12="Milestone",N$8>=$E12,N$8<=$E12+$F12-1),1,"")) | O12: =IF(AND($C12="Goal",O$8>=$E12,O$8<=$E12+$F12-1),2,IF(AND($C12="Milestone",O$8>=$E12,O$8<=$E12+$F12-1),1,"")) | ... HJ12: =IF(AND($C12="Goal",HJ$8>=$E12,HJ$8<=$E12+$F12-1),2,IF(AND($C12="Milestone",HJ$8>=$E12,HJ$8<=$E12+$F12-1),1,""))
B13: Advise | C13: On Track | E13: 45962 | F13: 21 | H13: =IF(AND($C13="Goal",H$8>=$E13,H$8<=$E13+$F13-1),2,IF(AND($C13="Milestone",H$8>=$E13,H$8<=$E13+$F13-1),1,"")) | I13: =IF(AND($C13="Goal",I$8>=$E13,I$8<=$E13+$F13-1),2,IF(AND($C13="Milestone",I$8>=$E13,I$8<=$E13+$F13-1),1,"")) | J13: =IF(AND($C13="Goal",J$8>=$E13,J$8<=$E13+$F13-1),2,IF(AND($C13="Milestone",J$8>=$E13,J$8<=$E13+$F13-1),1,"")) | K13: =IF(AND($C13="Goal",K$8>=$E13,K$8<=$E13+$F13-1),2,IF(AND($C13="Milestone",K$8>=$E13,K$8<=$E13+$F13-1),1,"")) | L13: =IF(AND($C13="Goal",L$8>=$E13,L$8<=$E13+$F13-1),2,IF(AND($C13="Milestone",L$8>=$E13,L$8<=$E13+$F13-1),1,"")) | M13: =IF(AND($C13="Goal",M$8>=$E13,M$8<=$E13+$F13-1),2,IF(AND($C13="Milestone",M$8>=$E13,M$8<=$E13+$F13-1),1,"")) | N13: =IF(AND($C13="Goal",N$8>=$E13,N$8<=$E13+$F13-1),2,IF(AND($C13="Milestone",N$8>=$E13,N$8<=$E13+$F13-1),1,"")) | O13: =IF(AND($C13="Goal",O$8>=$E13,O$8<=$E13+$F13-1),2,IF(AND($C13="Milestone",O$8>=$E13,O$8<=$E13+$F13-1),1,"")) | ... HJ13: =IF(AND($C13="Goal",HJ$8>=$E13,HJ$8<=$E13+$F13-1),2,IF(AND($C13="Milestone",HJ$8>=$E13,HJ$8<=$E13+$F13-1),1,""))
B14: Design | C14: On Track | D14: 0.1 | E14: =E11+6 -> 45968 | F14: 6 | H14: =IF(AND($C14="Goal",H$8>=$E14,H$8<=$E14+$F14-1),2,IF(AND($C14="Milestone",H$8>=$E14,H$8<=$E14+$F14-1),1,"")) | I14: =IF(AND($C14="Goal",I$8>=$E14,I$8<=$E14+$F14-1),2,IF(AND($C14="Milestone",I$8>=$E14,I$8<=$E14+$F14-1),1,"")) | J14: =IF(AND($C14="Goal",J$8>=$E14,J$8<=$E14+$F14-1),2,IF(AND($C14="Milestone",J$8>=$E14,J$8<=$E14+$F14-1),1,"")) | K14: =IF(AND($C14="Goal",K$8>=$E14,K$8<=$E14+$F14-1),2,IF(AND($C14="Milestone",K$8>=$E14,K$8<=$E14+$F14-1),1,"")) | L14: =IF(AND($C14="Goal",L$8>=$E14,L$8<=$E14+$F14-1),2,IF(AND($C14="Milestone",L$8>=$E14,L$8<=$E14+$F14-1),1,"")) | M14: =IF(AND($C14="Goal",M$8>=$E14,M$8<=$E14+$F14-1),2,IF(AND($C14="Milestone",M$8>=$E14,M$8<=$E14+$F14-1),1,"")) | N14: =IF(AND($C14="Goal",N$8>=$E14,N$8<=$E14+$F14-1),2,IF(AND($C14="Milestone",N$8>=$E14,N$8<=$E14+$F14-1),1,"")) | O14: =IF(AND($C14="Goal",O$8>=$E14,O$8<=$E14+$F14-1),2,IF(AND($C14="Milestone",O$8>=$E14,O$8<=$E14+$F14-1),1,"")) | ... HJ14: =IF(AND($C14="Goal",HJ$8>=$E14,HJ$8<=$E14+$F14-1),2,IF(AND($C14="Milestone",HJ$8>=$E14,HJ$8<=$E14+$F14-1),1,""))
B15: UAT | C15: On Track | H15: =IF(AND($C15="Goal",H$8>=$E15,H$8<=$E15+$F15-1),2,IF(AND($C15="Milestone",H$8>=$E15,H$8<=$E15+$F15-1),1,"")) | I15: =IF(AND($C15="Goal",I$8>=$E15,I$8<=$E15+$F15-1),2,IF(AND($C15="Milestone",I$8>=$E15,I$8<=$E15+$F15-1),1,"")) | J15: =IF(AND($C15="Goal",J$8>=$E15,J$8<=$E15+$F15-1),2,IF(AND($C15="Milestone",J$8>=$E15,J$8<=$E15+$F15-1),1,"")) | K15: =IF(AND($C15="Goal",K$8>=$E15,K$8<=$E15+$F15-1),2,IF(AND($C15="Milestone",K$8>=$E15,K$8<=$E15+$F15-1),1,"")) | L15: =IF(AND($C15="Goal",L$8>=$E15,L$8<=$E15+$F15-1),2,IF(AND($C15="Milestone",L$8>=$E15,L$8<=$E15+$F15-1),1,"")) | M15: =IF(AND($C15="Goal",M$8>=$E15,M$8<=$E15+$F15-1),2,IF(AND($C15="Milestone",M$8>=$E15,M$8<=$E15+$F15-1),1,"")) | N15: =IF(AND($C15="Goal",N$8>=$E15,N$8<=$E15+$F15-1),2,IF(AND($C15="Milestone",N$8>=$E15,N$8<=$E15+$F15-1),1,"")) | O15: =IF(AND($C15="Goal",O$8>=$E15,O$8<=$E15+$F15-1),2,IF(AND($C15="Milestone",O$8>=$E15,O$8<=$E15+$F15-1),1,"")) | ... HJ15: =IF(AND($C15="Goal",HJ$8>=$E15,HJ$8<=$E15+$F15-1),2,IF(AND($C15="Milestone",HJ$8>=$E15,HJ$8<=$E15+$F15-1),1,""))
B16: Launch | C16: On Track | D16: 0.6 | E16: =E11+6 -> 45968 | F16: 13 | H16: =IF(AND($C16="Goal",H$8>=$E16,H$8<=$E16+$F16-1),2,IF(AND($C16="Milestone",H$8>=$E16,H$8<=$E16+$F16-1),1,"")) | I16: =IF(AND($C16="Goal",I$8>=$E16,I$8<=$E16+$F16-1),2,IF(AND($C16="Milestone",I$8>=$E16,I$8<=$E16+$F16-1),1,"")) | J16: =IF(AND($C16="Goal",J$8>=$E16,J$8<=$E16+$F16-1),2,IF(AND($C16="Milestone",J$8>=$E16,J$8<=$E16+$F16-1),1,"")) | K16: =IF(AND($C16="Goal",K$8>=$E16,K$8<=$E16+$F16-1),2,IF(AND($C16="Milestone",K$8>=$E16,K$8<=$E16+$F16-1),1,"")) | L16: =IF(AND($C16="Goal",L$8>=$E16,L$8<=$E16+$F16-1),2,IF(AND($C16="Milestone",L$8>=$E16,L$8<=$E16+$F16-1),1,"")) | M16: =IF(AND($C16="Goal",M$8>=$E16,M$8<=$E16+$F16-1),2,IF(AND($C16="Milestone",M$8>=$E16,M$8<=$E16+$F16-1),1,"")) | N16: =IF(AND($C16="Goal",N$8>=$E16,N$8<=$E16+$F16-1),2,IF(AND($C16="Milestone",N$8>=$E16,N$8<=$E16+$F16-1),1,"")) | O16: =IF(AND($C16="Goal",O$8>=$E16,O$8<=$E16+$F16-1),2,IF(AND($C16="Milestone",O$8>=$E16,O$8<=$E16+$F16-1),1,"")) | ... HJ16: =IF(AND($C16="Goal",HJ$8>=$E16,HJ$8<=$E16+$F16-1),2,IF(AND($C16="Milestone",HJ$8>=$E16,HJ$8<=$E16+$F16-1),1,""))
B17: Hypercare
B18: Inbound Data Feed | C18: On Track | H18: =IF(AND($C18="Goal",H$8>=$E18,H$8<=$E18+$F18-1),2,IF(AND($C18="Milestone",H$8>=$E18,H$8<=$E18+$F18-1),1,"")) | I18: =IF(AND($C18="Goal",I$8>=$E18,I$8<=$E18+$F18-1),2,IF(AND($C18="Milestone",I$8>=$E18,I$8<=$E18+$F18-1),1,"")) | J18: =IF(AND($C18="Goal",J$8>=$E18,J$8<=$E18+$F18-1),2,IF(AND($C18="Milestone",J$8>=$E18,J$8<=$E18+$F18-1),1,"")) | K18: =IF(AND($C18="Goal",K$8>=$E18,K$8<=$E18+$F18-1),2,IF(AND($C18="Milestone",K$8>=$E18,K$8<=$E18+$F18-1),1,"")) | L18: =IF(AND($C18="Goal",L$8>=$E18,L$8<=$E18+$F18-1),2,IF(AND($C18="Milestone",L$8>=$E18,L$8<=$E18+$F18-1),1,"")) | M18: =IF(AND($C18="Goal",M$8>=$E18,M$8<=$E18+$F18-1),2,IF(AND($C18="Milestone",M$8>=$E18,M$8<=$E18+$F18-1),1,"")) | N18: =IF(AND($C18="Goal",N$8>=$E18,N$8<=$E18+$F18-1),2,IF(AND($C18="Milestone",N$8>=$E18,N$8<=$E18+$F18-1),1,"")) | O18: =IF(AND($C18="Goal",O$8>=$E18,O$8<=$E18+$F18-1),2,IF(AND($C18="Milestone",O$8>=$E18,O$8<=$E18+$F18-1),1,"")) | ... HJ18: =IF(AND($C18="Goal",HJ$8>=$E18,HJ$8<=$E18+$F18-1),2,IF(AND($C18="Milestone",HJ$8>=$E18,HJ$8<=$E18+$F18-1),1,""))
B19: Pilot | C19: On Track | D19: 0.3 | E19: 45796 | F19: 125 | H19: =IF(AND($C19="Goal",H$8>=$E19,H$8<=$E19+$F19-1),2,IF(AND($C19="Milestone",H$8>=$E19,H$8<=$E19+$F19-1),1,"")) | I19: =IF(AND($C19="Goal",I$8>=$E19,I$8<=$E19+$F19-1),2,IF(AND($C19="Milestone",I$8>=$E19,I$8<=$E19+$F19-1),1,"")) | J19: =IF(AND($C19="Goal",J$8>=$E19,J$8<=$E19+$F19-1),2,IF(AND($C19="Milestone",J$8>=$E19,J$8<=$E19+$F19-1),1,"")) | K19: =IF(AND($C19="Goal",K$8>=$E19,K$8<=$E19+$F19-1),2,IF(AND($C19="Milestone",K$8>=$E19,K$8<=$E19+$F19-1),1,"")) | L19: =IF(AND($C19="Goal",L$8>=$E19,L$8<=$E19+$F19-1),2,IF(AND($C19="Milestone",L$8>=$E19,L$8<=$E19+$F19-1),1,"")) | M19: =IF(AND($C19="Goal",M$8>=$E19,M$8<=$E19+$F19-1),2,IF(AND($C19="Milestone",M$8>=$E19,M$8<=$E19+$F19-1),1,"")) | N19: =IF(AND($C19="Goal",N$8>=$E19,N$8<=$E19+$F19-1),2,IF(AND($C19="Milestone",N$8>=$E19,N$8<=$E19+$F19-1),1,"")) | O19: =IF(AND($C19="Goal",O$8>=$E19,O$8<=$E19+$F19-1),2,IF(AND($C19="Milestone",O$8>=$E19,O$8<=$E19+$F19-1),1,"")) | ... HJ19: =IF(AND($C19="Goal",HJ$8>=$E19,HJ$8<=$E19+$F19-1),2,IF(AND($C19="Milestone",HJ$8>=$E19,HJ$8<=$E19+$F19-1),1,""))
B20: Production
B21: SSO | C21: On Track | E21: =E19+3 -> 45799 | F21: 14 | H21: =IF(AND($C21="Goal",H$8>=$E21,H$8<=$E21+$F21-1),2,IF(AND($C21="Milestone",H$8>=$E21,H$8<=$E21+$F21-1),1,"")) | I21: =IF(AND($C21="Goal",I$8>=$E21,I$8<=$E21+$F21-1),2,IF(AND($C21="Milestone",I$8>=$E21,I$8<=$E21+$F21-1),1,"")) | J21: =IF(AND($C21="Goal",J$8>=$E21,J$8<=$E21+$F21-1),2,IF(AND($C21="Milestone",J$8>=$E21,J$8<=$E21+$F21-1),1,"")) | K21: =IF(AND($C21="Goal",K$8>=$E21,K$8<=$E21+$F21-1),2,IF(AND($C21="Milestone",K$8>=$E21,K$8<=$E21+$F21-1),1,"")) | L21: =IF(AND($C21="Goal",L$8>=$E21,L$8<=$E21+$F21-1),2,IF(AND($C21="Milestone",L$8>=$E21,L$8<=$E21+$F21-1),1,"")) | M21: =IF(AND($C21="Goal",M$8>=$E21,M$8<=$E21+$F21-1),2,IF(AND($C21="Milestone",M$8>=$E21,M$8<=$E21+$F21-1),1,"")) | N21: =IF(AND($C21="Goal",N$8>=$E21,N$8<=$E21+$F21-1),2,IF(AND($C21="Milestone",N$8>=$E21,N$8<=$E21+$F21-1),1,"")) | O21: =IF(AND($C21="Goal",O$8>=$E21,O$8<=$E21+$F21-1),2,IF(AND($C21="Milestone",O$8>=$E21,O$8<=$E21+$F21-1),1,"")) | ... HJ21: =IF(AND($C21="Goal",HJ$8>=$E21,HJ$8<=$E21+$F21-1),2,IF(AND($C21="Milestone",HJ$8>=$E21,HJ$8<=$E21+$F21-1),1,""))
B22: Pilot | C22: On Track | E22: =E21+15 -> 45814 | F22: 6 | H22: =IF(AND($C22="Goal",H$8>=$E22,H$8<=$E22+$F22-1),2,IF(AND($C22="Milestone",H$8>=$E22,H$8<=$E22+$F22-1),1,"")) | I22: =IF(AND($C22="Goal",I$8>=$E22,I$8<=$E22+$F22-1),2,IF(AND($C22="Milestone",I$8>=$E22,I$8<=$E22+$F22-1),1,"")) | J22: =IF(AND($C22="Goal",J$8>=$E22,J$8<=$E22+$F22-1),2,IF(AND($C22="Milestone",J$8>=$E22,J$8<=$E22+$F22-1),1,"")) | K22: =IF(AND($C22="Goal",K$8>=$E22,K$8<=$E22+$F22-1),2,IF(AND($C22="Milestone",K$8>=$E22,K$8<=$E22+$F22-1),1,"")) | L22: =IF(AND($C22="Goal",L$8>=$E22,L$8<=$E22+$F22-1),2,IF(AND($C22="Milestone",L$8>=$E22,L$8<=$E22+$F22-1),1,"")) | M22: =IF(AND($C22="Goal",M$8>=$E22,M$8<=$E22+$F22-1),2,IF(AND($C22="Milestone",M$8>=$E22,M$8<=$E22+$F22-1),1,"")) | N22: =IF(AND($C22="Goal",N$8>=$E22,N$8<=$E22+$F22-1),2,IF(AND($C22="Milestone",N$8>=$E22,N$8<=$E22+$F22-1),1,"")) | O22: =IF(AND($C22="Goal",O$8>=$E22,O$8<=$E22+$F22-1),2,IF(AND($C22="Milestone",O$8>=$E22,O$8<=$E22+$F22-1),1,"")) | ... HJ22: =IF(AND($C22="Goal",HJ$8>=$E22,HJ$8<=$E22+$F22-1),2,IF(AND($C22="Milestone",HJ$8>=$E22,HJ$8<=$E22+$F22-1),1,""))
B23: Production | C23: On Track | E23: =E14 -> 45968 | F23: 19 | H23: =IF(AND($C23="Goal",H$8>=$E23,H$8<=$E23+$F23-1),2,IF(AND($C23="Milestone",H$8>=$E23,H$8<=$E23+$F23-1),1,"")) | I23: =IF(AND($C23="Goal",I$8>=$E23,I$8<=$E23+$F23-1),2,IF(AND($C23="Milestone",I$8>=$E23,I$8<=$E23+$F23-1),1,"")) | J23: =IF(AND($C23="Goal",J$8>=$E23,J$8<=$E23+$F23-1),2,IF(AND($C23="Milestone",J$8>=$E23,J$8<=$E23+$F23-1),1,"")) | K23: =IF(AND($C23="Goal",K$8>=$E23,K$8<=$E23+$F23-1),2,IF(AND($C23="Milestone",K$8>=$E23,K$8<=$E23+$F23-1),1,"")) | L23: =IF(AND($C23="Goal",L$8>=$E23,L$8<=$E23+$F23-1),2,IF(AND($C23="Milestone",L$8>=$E23,L$8<=$E23+$F23-1),1,"")) | M23: =IF(AND($C23="Goal",M$8>=$E23,M$8<=$E23+$F23-1),2,IF(AND($C23="Milestone",M$8>=$E23,M$8<=$E23+$F23-1),1,"")) | N23: =IF(AND($C23="Goal",N$8>=$E23,N$8<=$E23+$F23-1),2,IF(AND($C23="Milestone",N$8>=$E23,N$8<=$E23+$F23-1),1,"")) | O23: =IF(AND($C23="Goal",O$8>=$E23,O$8<=$E23+$F23-1),2,IF(AND($C23="Milestone",O$8>=$E23,O$8<=$E23+$F23-1),1,"")) | ... HJ23: =IF(AND($C23="Goal",HJ$8>=$E23,HJ$8<=$E23+$F23-1),2,IF(AND($C23="Milestone",HJ$8>=$E23,HJ$8<=$E23+$F23-1),1,""))
B24: MDL | C24: On Track | H24: =IF(AND($C24="Goal",H$8>=$E24,H$8<=$E24+$F24-1),2,IF(AND($C24="Milestone",H$8>=$E24,H$8<=$E24+$F24-1),1,"")) | I24: =IF(AND($C24="Goal",I$8>=$E24,I$8<=$E24+$F24-1),2,IF(AND($C24="Milestone",I$8>=$E24,I$8<=$E24+$F24-1),1,"")) | J24: =IF(AND($C24="Goal",J$8>=$E24,J$8<=$E24+$F24-1),2,IF(AND($C24="Milestone",J$8>=$E24,J$8<=$E24+$F24-1),1,"")) | K24: =IF(AND($C24="Goal",K$8>=$E24,K$8<=$E24+$F24-1),2,IF(AND($C24="Milestone",K$8>=$E24,K$8<=$E24+$F24-1),1,"")) | L24: =IF(AND($C24="Goal",L$8>=$E24,L$8<=$E24+$F24-1),2,IF(AND($C24="Milestone",L$8>=$E24,L$8<=$E24+$F24-1),1,"")) | M24: =IF(AND($C24="Goal",M$8>=$E24,M$8<=$E24+$F24-1),2,IF(AND($C24="Milestone",M$8>=$E24,M$8<=$E24+$F24-1),1,"")) | N24: =IF(AND($C24="Goal",N$8>=$E24,N$8<=$E24+$F24-1),2,IF(AND($C24="Milestone",N$8>=$E24,N$8<=$E24+$F24-1),1,"")) | O24: =IF(AND($C24="Goal",O$8>=$E24,O$8<=$E24+$F24-1),2,IF(AND($C24="Milestone",O$8>=$E24,O$8<=$E24+$F24-1),1,"")) | ... HJ24: =IF(AND($C24="Goal",HJ$8>=$E24,HJ$8<=$E24+$F24-1),2,IF(AND($C24="Milestone",HJ$8>=$E24,HJ$8<=$E24+$F24-1),1,""))
B25: Pilot | C25: On Track | F25: 30 | H25: =IF(AND($C25="Goal",H$8>=$E25,H$8<=$E25+$F25-1),2,IF(AND($C25="Milestone",H$8>=$E25,H$8<=$E25+$F25-1),1,"")) | I25: =IF(AND($C25="Goal",I$8>=$E25,I$8<=$E25+$F25-1),2,IF(AND($C25="Milestone",I$8>=$E25,I$8<=$E25+$F25-1),1,"")) | J25: =IF(AND($C25="Goal",J$8>=$E25,J$8<=$E25+$F25-1),2,IF(AND($C25="Milestone",J$8>=$E25,J$8<=$E25+$F25-1),1,"")) | K25: =IF(AND($C25="Goal",K$8>=$E25,K$8<=$E25+$F25-1),2,IF(AND($C25="Milestone",K$8>=$E25,K$8<=$E25+$F25-1),1,"")) | L25: =IF(AND($C25="Goal",L$8>=$E25,L$8<=$E25+$F25-1),2,IF(AND($C25="Milestone",L$8>=$E25,L$8<=$E25+$F25-1),1,"")) | M25: =IF(AND($C25="Goal",M$8>=$E25,M$8<=$E25+$F25-1),2,IF(AND($C25="Milestone",M$8>=$E25,M$8<=$E25+$F25-1),1,"")) | N25: =IF(AND($C25="Goal",N$8>=$E25,N$8<=$E25+$F25-1),2,IF(AND($C25="Milestone",N$8>=$E25,N$8<=$E25+$F25-1),1,"")) | O25: =IF(AND($C25="Goal",O$8>=$E25,O$8<=$E25+$F25-1),2,IF(AND($C25="Milestone",O$8>=$E25,O$8<=$E25+$F25-1),1,"")) | ... HJ25: =IF(AND($C25="Goal",HJ$8>=$E25,HJ$8<=$E25+$F25-1),2,IF(AND($C25="Milestone",HJ$8>=$E25,HJ$8<=$E25+$F25-1),1,""))
B26: Production | C26: On Track | H26: =IF(AND($C26="Goal",H$8>=$E26,H$8<=$E26+$F26-1),2,IF(AND($C26="Milestone",H$8>=$E26,H$8<=$E26+$F26-1),1,"")) | I26: =IF(AND($C26="Goal",I$8>=$E26,I$8<=$E26+$F26-1),2,IF(AND($C26="Milestone",I$8>=$E26,I$8<=$E26+$F26-1),1,"")) | J26: =IF(AND($C26="Goal",J$8>=$E26,J$8<=$E26+$F26-1),2,IF(AND($C26="Milestone",J$8>=$E26,J$8<=$E26+$F26-1),1,"")) | K26: =IF(AND($C26="Goal",K$8>=$E26,K$8<=$E26+$F26-1),2,IF(AND($C26="Milestone",K$8>=$E26,K$8<=$E26+$F26-1),1,"")) | L26: =IF(AND($C26="Goal",L$8>=$E26,L$8<=$E26+$F26-1),2,IF(AND($C26="Milestone",L$8>=$E26,L$8<=$E26+$F26-1),1,"")) | M26: =IF(AND($C26="Goal",M$8>=$E26,M$8<=$E26+$F26-1),2,IF(AND($C26="Milestone",M$8>=$E26,M$8<=$E26+$F26-1),1,"")) | N26: =IF(AND($C26="Goal",N$8>=$E26,N$8<=$E26+$F26-1),2,IF(AND($C26="Milestone",N$8>=$E26,N$8<=$E26+$F26-1),1,"")) | O26: =IF(AND($C26="Goal",O$8>=$E26,O$8<=$E26+$F26-1),2,IF(AND($C26="Milestone",O$8>=$E26,O$8<=$E26+$F26-1),1,"")) | ... HJ26: =IF(AND($C26="Goal",HJ$8>=$E26,HJ$8<=$E26+$F26-1),2,IF(AND($C26="Milestone",HJ$8>=$E26,HJ$8<=$E26+$F26-1),1,""))
B27: HDL | C27: Low Risk | E27: 45917 | F27: 15 | H27: =IF(AND($C27="Goal",H$8>=$E27,H$8<=$E27+$F27-1),2,IF(AND($C27="Milestone",H$8>=$E27,H$8<=$E27+$F27-1),1,"")) | I27: =IF(AND($C27="Goal",I$8>=$E27,I$8<=$E27+$F27-1),2,IF(AND($C27="Milestone",I$8>=$E27,I$8<=$E27+$F27-1),1,"")) | J27: =IF(AND($C27="Goal",J$8>=$E27,J$8<=$E27+$F27-1),2,IF(AND($C27="Milestone",J$8>=$E27,J$8<=$E27+$F27-1),1,"")) | K27: =IF(AND($C27="Goal",K$8>=$E27,K$8<=$E27+$F27-1),2,IF(AND($C27="Milestone",K$8>=$E27,K$8<=$E27+$F27-1),1,"")) | L27: =IF(AND($C27="Goal",L$8>=$E27,L$8<=$E27+$F27-1),2,IF(AND($C27="Milestone",L$8>=$E27,L$8<=$E27+$F27-1),1,"")) | M27: =IF(AND($C27="Goal",M$8>=$E27,M$8<=$E27+$F27-1),2,IF(AND($C27="Milestone",M$8>=$E27,M$8<=$E27+$F27-1),1,"")) | N27: =IF(AND($C27="Goal",N$8>=$E27,N$8<=$E27+$F27-1),2,IF(AND($C27="Milestone",N$8>=$E27,N$8<=$E27+$F27-1),1,"")) | O27: =IF(AND($C27="Goal",O$8>=$E27,O$8<=$E27+$F27-1),2,IF(AND($C27="Milestone",O$8>=$E27,O$8<=$E27+$F27-1),1,"")) | ... HJ27: =IF(AND($C27="Goal",HJ$8>=$E27,HJ$8<=$E27+$F27-1),2,IF(AND($C27="Milestone",HJ$8>=$E27,HJ$8<=$E27+$F27-1),1,""))
B28: Pilot | C28: On Track
B29: Production | C29: On Track
B30: To add more data, Insert new rows ABOVE this one | C30: On Track

Sheet Hypercare Log
A1: Hypercare Log | G1: Hypercare Start Date | I1: [enter date] | J1: Hyper Care End Date | K1: [enter date]
A2: HC ID | B2: Date Logged | C2: Logged By | D2: Issue | E2: Description Details | F2: Priority | G2: Go live Impact | H2: Assigned to | I2: Status | J2: Resolution Summary | K2: Resolution Date | L2: Validated By | M2: Next Steps
A3: 1
A4: 2
A5: 3
A6: 4
A7: 5
A8: 6
A9: 7
A10: 8
A11: 9
A12: 10
A13: 11
A14: 12
... A40: 38

Sheet COMING SOON LMS LXP
